{"accuracy": [0.2447839081287384, 0.34500744938850403, 0.46087929606437683, 0.5849478244781494, 0.685171365737915, 0.7850223779678345, 0.8837555646896362, 0.945231020450592, 0.9649776220321655, 0.9735469222068787], "loss": [1.8871254920959473, 1.7358074188232422, 1.4911490678787231, 1.1851537227630615, 0.9061623215675354, 0.616510272026062, 0.3337959051132202, 0.17704477906227112, 0.0982048287987709, 0.07641633599996567], "val_accuracy": [0.2562499940395355, 0.3062500059604645, 0.4437499940395355, 0.543749988079071, 0.6499999761581421, 0.643750011920929, 0.668749988079071, 0.6812499761581421, 0.637499988079071, 0.6625000238418579], "val_loss": [1.8432035446166992, 1.7415258884429932, 1.4942381381988525, 1.304653525352478, 1.1519582271575928, 1.1545360088348389, 1.2201015949249268, 1.4895601272583008, 1.6260173320770264, 1.767200231552124]}