{"accuracy": [0.2988077402114868, 0.47876304388046265, 0.6408345699310303, 0.7790610790252686, 0.9005216360092163, 0.9720566272735596, 0.9843516945838928, 0.9836065769195557, 0.9944113492965698, 0.9966468214988708], "loss": [1.9100925922393799, 1.446531057357788, 1.0146390199661255, 0.6473232507705688, 0.3113594353199005, 0.10072392970323563, 0.05971343070268631, 0.05708295851945877, 0.025711284950375557, 0.0160769522190094], "val_accuracy": [0.40625, 0.518750011920929, 0.543749988079071, 0.6312500238418579, 0.643750011920929, 0.6000000238418579, 0.668749988079071, 0.6312500238418579, 0.643750011920929, 0.668749988079071], "val_loss": [1.706968903541565, 1.287776231765747, 1.1983978748321533, 1.109445571899414, 1.3248884677886963, 1.634587287902832, 1.7056686878204346, 1.857754111289978, 2.0579733848571777, 2.2730348110198975]}