{"accuracy": [0.26713860034942627, 0.43852460384368896, 0.5961251854896545, 0.747019350528717, 0.8517138361930847, 0.9347988367080688, 0.9735469222068787, 0.995529055595398, 0.9858420491218567, 0.9880775213241577], "loss": [1.9025846719741821, 1.5559638738632202, 1.1624999046325684, 0.756314754486084, 0.43249765038490295, 0.21241642534732819, 0.09102127701044083, 0.026434089988470078, 0.0366172157227993, 0.03915881738066673], "val_accuracy": [0.33125001192092896, 0.48124998807907104, 0.5625, 0.612500011920929, 0.643750011920929, 0.6000000238418579, 0.574999988079071, 0.606249988079071, 0.59375, 0.625], "val_loss": [1.7477912902832031, 1.4446516036987305, 1.2078001499176025, 1.2751379013061523, 1.351337194442749, 1.7349189519882202, 2.3294458389282227, 2.336005210876465, 2.5684471130371094, 2.4232985973358154]}