{"accuracy": [0.2395678162574768, 0.36177346110343933, 0.5428465008735657, 0.6941132545471191, 0.8353204131126404, 0.931073009967804, 0.9731743931770325, 0.992920994758606, 0.9903129935264587, 0.995529055595398], "loss": [2.1177096366882324, 1.7093489170074463, 1.3021776676177979, 0.8950067758560181, 0.4915908873081207, 0.22536538541316986, 0.09255177527666092, 0.03353974223136902, 0.035697538405656815, 0.022892901673913002], "val_accuracy": [0.26249998807907104, 0.45625001192092896, 0.4937500059604645, 0.5874999761581421, 0.59375, 0.625, 0.625, 0.643750011920929, 0.6312500238418579, 0.59375], "val_loss": [1.841446876525879, 1.5658537149429321, 1.3122199773788452, 1.1721041202545166, 1.321731686592102, 1.5291792154312134, 1.9481804370880127, 2.122422695159912, 2.339069366455078, 2.303262233734131]}